{"phase1": {"train_multi": [0.01940427907393314, 0.011495856364490464, 0.010974859134294093, 0.010860571545781567, 0.010797363501042127, 0.010792324313661084, 0.010755707207135857, 0.01076270456542261, 0.010749345801887102, 0.01077351112209726, 0.01075785320776049, 0.010763110001571477, 0.010762497680261732, 0.010747051956132054, 0.01074246951029636, 0.010776920027565211, 0.010776610512984917, 0.01075749212759547, 0.010757739449618385, 0.01076088764704764], "train_binary": [0.31177940556779504, 0.248348784185946, 0.23406503742560744, 0.23187729424797, 0.23491199299693108, 0.229373841509223, 0.22489770898595451, 0.22286057425662875, 0.22986385367810727, 0.22679649371653796, 0.22903012906201184, 0.22787387984804808, 0.23211219171993436, 0.2282600750029087, 0.22808668224141002, 0.2275528183951974, 0.22600654574111104, 0.22645823993720116, 0.22931170132942497, 0.22789349904283882], "val_multi": [0.012839743969962, 0.011700904630124569, 0.011628457801416517, 0.011538875726982952, 0.011456727012991906, 0.011456057829782366, 0.011419752240180969, 0.011470014797523617, 0.011442406820133328, 0.011444111103191972, 0.011458131801337004, 0.011490283319726586, 0.011423430759459735, 0.011417565373703838, 0.01140773819759488, 0.011416940242052078, 0.011449638633057474, 0.011467183772474528, 0.011380883222445846, 0.011459319023415446], "val_binary": [0.23525196313858032, 0.2007080240547657, 0.19815487086772918, 0.20056488782167434, 0.19713795349001884, 0.1984875711798668, 0.1943083158135414, 0.1976306654512882, 0.20434249497950077, 0.19577400356531144, 0.1964424243569374, 0.19689838111400604, 0.19641954839229583, 0.19686260253190993, 0.19700435921549797, 0.19735899865627288, 0.1966920056939125, 0.19686267495155335, 0.1990644806623459, 0.19750823110342025], "val_loss": [0.24809170737862588, 0.21240892976522446, 0.20978332862257956, 0.21210376366972925, 0.20859468087553978, 0.20994362890720367, 0.20572806730866433, 0.20910067945718766, 0.21578490257263183, 0.20721811458468437, 0.20790055707097055, 0.2083886644244194, 0.20784297928214074, 0.20828016564249993, 0.2084120976924896, 0.20877593874931336, 0.20814164489507675, 0.20832985982298852, 0.2104453632235527, 0.20896755054593086], "val_acc": [0.65625, 0.660625, 0.65375, 0.659375, 0.659375, 0.66125, 0.664375, 0.66375, 0.655, 0.66375, 0.664375, 0.66, 0.6675, 0.66125, 0.6625, 0.663125, 0.66375, 0.66375, 0.66375, 0.65875]}, "phase2": {"train_multi": [0.00991968225396704, 0.009012262995820492, 0.008654588033095933, 0.008550004378776066, 0.00850361503311433, 0.008502579478663392, 0.00848898785712663, 0.00848562115279492, 0.008475522892549634, 0.00848282071761787, 0.008486554226255976, 0.008480763784609735, 0.008479062091792002, 0.00848002387851011, 0.00848362485645339, 0.008480592140695081, 0.008483037389814853, 0.00847722149686888, 0.008488061361713335, 0.008483539134613239], "train_binary": [0.14703344300738536, 0.05513555384270148, 0.018049813939724116, 0.010043802151922137, 0.008190381001768401, 0.007400735253613675, 0.006685641511867288, 0.006997697222941497, 0.007131289610188105, 0.007297381924581714, 0.007135125474014785, 0.007160185111133615, 0.006513152519291907, 0.00695698195228033, 0.0076336268327577275, 0.005940216577291721, 0.006420028327229374, 0.006264360830755322, 0.006524221108702477, 0.00728417359328887], "val_multi": [0.00999703127425164, 0.00948851451277733, 0.009420094517990947, 0.009426152817904949, 0.009455702761188149, 0.009449246968142689, 0.0094401224097237, 0.009392716982401907, 0.009411532348021865, 0.00944965769071132, 0.00941922377794981, 0.009450914338231087, 0.00941651055123657, 0.00942148955538869, 0.009444265440106393, 0.00940847834572196, 0.009460963546298445, 0.009416642375290394, 0.009456796874292194, 0.009383050315082074], "val_binary": [0.08157580048777163, 0.10660943694412708, 0.08536242497619241, 0.08496628254186361, 0.08694131653290242, 0.08898305704933591, 0.08630206067115069, 0.08436288930941373, 0.08399911663378588, 0.08740718167740852, 0.0854329524980858, 0.08882927524857223, 0.08493941884255037, 0.08427581380237825, 0.08849113020231016, 0.08328170290915296, 0.08806648442172445, 0.08444745875312946, 0.08800279380753637, 0.08413621794665233], "val_loss": [0.09157283253967761, 0.11609795259311795, 0.09478251891210675, 0.09439243523404002, 0.09639701843261719, 0.09843230440281331, 0.09574218539521098, 0.0937556064594537, 0.09341064860112964, 0.09685683990828693, 0.09485217550769448, 0.09828018886968494, 0.09435592973604798, 0.09369730390608311, 0.097935396656394, 0.09269018130376935, 0.09752744791097939, 0.09386410197243095, 0.09745959082618355, 0.09351926846429706], "val_acc": [0.73125, 0.72875, 0.7375, 0.745625, 0.744375, 0.74, 0.743125, 0.7425, 0.7475, 0.74375, 0.74875, 0.74375, 0.745625, 0.745625, 0.744375, 0.749375, 0.745, 0.749375, 0.74625, 0.74375]}, "phase3": {"train_multi": [0.00845609856012743, 0.008345637038582937, 0.008266460602171719, 0.00825456482823938, 0.00826170682499651, 0.0082357562542893, 0.008248115322203375, 0.008248172314197291, 0.008243555290973745, 0.008239226305158808, 0.008249535677023231, 0.008242113672895356, 0.008237174237146974, 0.008239724694867619, 0.008246229603537358, 0.008249275203561411, 0.008243865256226855, 0.008237825105316005, 0.00823835701099597, 0.008247300334624015], "train_binary": [0.007283474399810075, 0.0036563999054851594, 0.0021565810792162667, 0.0022250925065145566, 0.0023283736536359356, 0.001733224813151537, 0.0018247807628813462, 0.001984851789620734, 0.0017809175311776927, 0.00167849692665186, 0.0015064024635694296, 0.0017852633996335498, 0.0018136704052267305, 0.0018167020356577269, 0.0017691201346133312, 0.001774906598511734, 0.002902570617611673, 0.0017025241950159398, 0.002217553080026846, 0.002068752417089854], "val_multi": [0.009441640600562096, 0.009448579726740718, 0.009467728245072067, 0.009487139731645585, 0.009541582115925849, 0.009514464568346738, 0.009511727895587683, 0.009484887425787746, 0.00942322774324566, 0.009480941756628454, 0.009454445480369032, 0.009516121339984238, 0.0094591756304726, 0.009490529764443636, 0.009503207448869944, 0.009519464848563076, 0.009386031692847609, 0.009492798130959273, 0.009497751924209296, 0.009438408762216568], "val_binary": [0.09709500575554557, 0.08895638386893552, 0.09002410564455204, 0.092487739965145, 0.09677944205206586, 0.09273103021638235, 0.09361810662376228, 0.0899016194412252, 0.08844824685947969, 0.09174507168907439, 0.08988264105282724, 0.09436490019899793, 0.09243691627983935, 0.09256460984935984, 0.09438745948078577, 0.09581034228234785, 0.08628358147107065, 0.093437538947328, 0.09342503725172718, 0.09096526349545457], "val_loss": [0.10653664553537964, 0.09840496441815048, 0.0994918332574889, 0.10197488106787204, 0.10632102318573743, 0.10224549503996969, 0.10312983536627143, 0.09938650634139776, 0.09787147240247578, 0.10122601522132754, 0.0993370872316882, 0.10388102132827043, 0.10189609086606652, 0.10205513951834291, 0.10389066704548895, 0.10532980640418828, 0.09566961377859115, 0.1029303368460387, 0.10292278761975467, 0.10040367101319134], "val_acc": [0.7425, 0.750625, 0.745625, 0.74625, 0.7475, 0.7475, 0.746875, 0.746875, 0.749375, 0.749375, 0.746875, 0.746875, 0.748125, 0.7475, 0.7475, 0.7475, 0.74875, 0.748125, 0.746875, 0.750625]}}