{"phase1": {"train_multi": [0.12315843498334289, 0.09743640566244721, 0.09083126519806684, 0.0898655091971159, 0.08945316648110747, 0.08906869305297732, 0.08847407137043774, 0.08863534883596003, 0.08900083113461733, 0.08879030368290841, 0.08904577175155282, 0.08868095985613764, 0.08909647047519684, 0.08875120988115669, 0.08870068671181798, 0.08887281952425838, 0.08885729798115789, 0.08862667651847005, 0.08901428625918925, 0.08888791043311357], "train_binary": [0.31177940556779504, 0.248348784185946, 0.23406503742560744, 0.23187729424797, 0.23491199299693108, 0.229373841509223, 0.22489770898595451, 0.22286057425662875, 0.22986385367810727, 0.22679649371653796, 0.22903012906201184, 0.22787387984804808, 0.23211219171993436, 0.2282600750029087, 0.22808668224141002, 0.2275528183951974, 0.22600654574111104, 0.22645823993720116, 0.22931170132942497, 0.22789349904283882], "val_multi": [0.10475511014461518, 0.09864966355264188, 0.09687054216861725, 0.0960132747888565, 0.09559014186263085, 0.0960770483314991, 0.09549719825387001, 0.09584588050842285, 0.09634651444852352, 0.09573783591389656, 0.09582204341888428, 0.09605835527181625, 0.09567413531243801, 0.09561455957591533, 0.09575394921004772, 0.09581974595785141, 0.09595278576016426, 0.09590542033314704, 0.09582718104124069, 0.09585392251610755], "val_binary": [0.23525196313858032, 0.2007080240547657, 0.19815487086772918, 0.20056488782167434, 0.19713795349001884, 0.1984875711798668, 0.1943083158135414, 0.1976306654512882, 0.20434249497950077, 0.19577400356531144, 0.1964424243569374, 0.19689838111400604, 0.19641954839229583, 0.19686260253190993, 0.19700435921549797, 0.19735899865627288, 0.1966920056939125, 0.19686267495155335, 0.1990644806623459, 0.19750823110342025], "val_loss": [0.340007072687149, 0.2993576857447624, 0.2950254163146019, 0.2965781602263451, 0.2927280956506729, 0.29456461876630785, 0.28980551540851596, 0.2934765484929085, 0.3006890118122101, 0.2915118396282196, 0.29226446598768235, 0.29295673698186875, 0.2920936840772629, 0.292477163374424, 0.2927583083510399, 0.29317874372005465, 0.2926447919011116, 0.2927680939435959, 0.2948916620016098, 0.29336215168237684], "val_acc": [0.6975, 0.713125, 0.718125, 0.72, 0.716875, 0.71875, 0.7175, 0.72, 0.72125, 0.71875, 0.718125, 0.72125, 0.718125, 0.71875, 0.7175, 0.719375, 0.7175, 0.71625, 0.72, 0.718125]}, "phase2": {"train_multi": [0.07923871486447752, 0.06625383546110243, 0.05739469344262034, 0.05518883494194597, 0.053815338918939234, 0.053803178160451354, 0.05340202662628144, 0.05361018746625632, 0.053314597359858454, 0.0535135022457689, 0.05335294949822128, 0.053407473657280206, 0.053416009545326236, 0.05317761976737529, 0.05342114374507219, 0.05332395256031305, 0.05311189047060907, 0.0533172106044367, 0.053340472718700765, 0.05346670426428318], "train_binary": [0.1467544348561205, 0.05306058574424242, 0.01826417981945269, 0.009430054823897081, 0.007543876304844162, 0.007081611234025331, 0.006173736502169049, 0.007020629842190829, 0.00672548176269629, 0.007037859583724639, 0.006702360665804008, 0.006841477768102777, 0.006291479353858449, 0.006497901312650356, 0.007220825405747746, 0.00558268603446777, 0.005778671159532678, 0.0057421607367723485, 0.006292897989042103, 0.006757154368424381], "val_multi": [0.07975142139941455, 0.07800278022885322, 0.0748846273496747, 0.07401763707399368, 0.07421266298741103, 0.07461775224655867, 0.07427741441875696, 0.07383759159594774, 0.07397608850151301, 0.0741093897074461, 0.07396090425550937, 0.07426335908472538, 0.0739412035793066, 0.07417856939136983, 0.07438005551695824, 0.07397546064108611, 0.07439865458756685, 0.07406254135072231, 0.07415715273469686, 0.07420305512845517], "val_binary": [0.08264197521843016, 0.112873206268996, 0.0895485398452729, 0.08845357153215445, 0.09114419412217103, 0.09437258059275337, 0.090613898296142, 0.08736545779858716, 0.08777809073217213, 0.09049054735689424, 0.08924382240744308, 0.09274079657276162, 0.08913853012491017, 0.08736929329927079, 0.09250332882860675, 0.08647228190209716, 0.0927066458342597, 0.08732049054349772, 0.09143287478713319, 0.08694330324186011], "val_loss": [0.16239339753985405, 0.19087598592042923, 0.16443316668272018, 0.16247120968997478, 0.1653568570315838, 0.16899033434689045, 0.1648913137614727, 0.16120304953306913, 0.16175417765974998, 0.1645999363809824, 0.16320472598075866, 0.1670041548833251, 0.16307973586022853, 0.1615478616580367, 0.16688338603824376, 0.16044774264097214, 0.16710530109703542, 0.16138303183019162, 0.16559002801775932, 0.16114635698497295], "val_acc": [0.760625, 0.766875, 0.7775, 0.778125, 0.781875, 0.78125, 0.78125, 0.781875, 0.781875, 0.783125, 0.78, 0.78, 0.77875, 0.78, 0.780625, 0.781875, 0.7825, 0.779375, 0.7825, 0.78125]}, "phase3": {"train_multi": [0.05327239198610187, 0.04962834776379168, 0.04659091237466782, 0.0461435425048694, 0.045965420161373914, 0.04553437520284206, 0.0456450360477902, 0.04579465317772701, 0.04568858994636685, 0.04552240140736103, 0.045739096864126624, 0.045458627403713765, 0.04554823589976877, 0.045595466727390885, 0.0457942874240689, 0.0457321406644769, 0.045826794649474326, 0.04562988488934934, 0.04549485754687339, 0.04569325411459431], "train_binary": [0.006960412461448868, 0.003491469053042238, 0.0021436437517786543, 0.0022720255200874818, 0.002300614320020031, 0.0018488687301851314, 0.001869823060355884, 0.002085518768726615, 0.0017787621308252711, 0.0017229754145773768, 0.001570231191944913, 0.001694417206244907, 0.0019767148686969447, 0.0019020806338539843, 0.0019342237576438492, 0.0020233506432668948, 0.002695656265123034, 0.001755060152581791, 0.0024226671838641777, 0.0020989082807500383], "val_multi": [0.07334486678242684, 0.07182015731930733, 0.07199859242886304, 0.07199406318366527, 0.07245674792677165, 0.07226811077445745, 0.07245708692818881, 0.07231332704424859, 0.07194439575076103, 0.0720095969364047, 0.07183067724108697, 0.0721144138276577, 0.07206729363650083, 0.07208925288170576, 0.07195395361632109, 0.07213066682219506, 0.07171137169003487, 0.07211687970906495, 0.07206206653267146, 0.07181509710848331], "val_binary": [0.0954540569614619, 0.08882705806521698, 0.0901448456500657, 0.09340792710136156, 0.09789195385150379, 0.09406060406035976, 0.09619454607600346, 0.09079044483863981, 0.08841704254737123, 0.09228948988078628, 0.09013371391862166, 0.09645886283513391, 0.09317367699579336, 0.093519742214703, 0.09486083491327008, 0.0972501438530162, 0.0858849262073636, 0.093648087689362, 0.09429414142214228, 0.09090054195083212], "val_loss": [0.16879892382770778, 0.16064721509814262, 0.16214343924075364, 0.1654019920527935, 0.1703487004339695, 0.1663287153095007, 0.1686516332998872, 0.16310377217829228, 0.16036143712699413, 0.16429908640682697, 0.16196439031511545, 0.16857327729463578, 0.16524097073823213, 0.16560899432748555, 0.16681478664278984, 0.16938081055879592, 0.15759629882872106, 0.16576496683061123, 0.16635620813816787, 0.16271563909947873], "val_acc": [0.779375, 0.788125, 0.785625, 0.785, 0.78625, 0.785625, 0.78375, 0.789375, 0.788125, 0.788125, 0.79125, 0.7875, 0.78625, 0.785, 0.7875, 0.79, 0.78625, 0.785625, 0.788125, 0.7875]}}