{"train_loss_multi": [1.5458612416684627, 1.2398445539176464, 1.141613977253437, 1.0961622139811515, 1.0903132866322993, 1.0838019398599863, 1.0761206303536892, 1.0769067615270616, 1.0782446880638599, 1.076929502338171, 1.0784617644548415, 1.0757319878041744, 1.0795959831774236, 1.0757246181368827, 1.0749297565221787, 1.0769487400352955, 1.078214581310749, 1.0749849590659142, 1.0783762003481387, 1.0773541443049908], "train_loss_binary": [0.4643491918221116, 0.3418449268862605, 0.309873528406024, 0.29649523824453355, 0.2964027084968984, 0.2921574281156063, 0.2877248865365982, 0.2860875090584159, 0.28886757474392655, 0.2890932258963585, 0.2905829743482172, 0.2873161459714174, 0.29227972116321327, 0.288172116689384, 0.289993936792016, 0.2896237629652023, 0.2887354075536132, 0.2875670386105776, 0.28950983196496965, 0.2897794274613261], "val_loss_multi": [1.4850055515766143, 1.3325684726238252, 1.259410365819931, 1.2470652234554291, 1.2381203275918962, 1.239266917705536, 1.234668847322464, 1.2380725288391112, 1.23692175924778, 1.2352619153261184, 1.2359186828136444, 1.2385033303499222, 1.234491913318634, 1.232349578142166, 1.2340012747049331, 1.2319562947750091, 1.23842342376709, 1.2382016968727112, 1.2352095985412597, 1.2347030687332152], "val_loss_binary": [0.34373511642217636, 0.292032396197319, 0.2679758748412132, 0.2637657172977924, 0.2594357033073902, 0.26134113654494284, 0.25699420511722565, 0.2587107679247856, 0.26374030888080596, 0.2575049462914467, 0.25824752673506735, 0.25881202533841136, 0.258516283929348, 0.25783569008111956, 0.25879297584295274, 0.25811728030443193, 0.26018904268741605, 0.261119943857193, 0.26108351930975915, 0.25867657840251923]}